schemaname,tablename,columnname,datatype,rowcounts,totalspaceb
dbo,CouponKeys,CouponID,int,22728092,6040879104
dbo,CouponKeys,CouponInProductID,int,22728092,6040879104
dbo,CouponKeys,CouponKey,nvarchar,22728092,6040879104
dbo,CouponKeys,DeleteFlag,bit,22728092,6040879104
dbo,CouponKeys,UsedAccountID,int,22728092,6040879104
dbo,CouponKeys,UsedCharacterID,bigint,22728092,6040879104
dbo,CouponKeys,UsedDate,datetime2,22728092,6040879104
dbo,CouponKeys,UsedFlag,bit,22728092,6040879104
dbo,Accounts,AccountID,int,1163626,1197522944
dbo,Accounts,AccountKey,bigint,1163626,1197522944
dbo,Accounts,AccountLevelCode,tinyint,1163626,1197522944
dbo,Accounts,AccountName,nvarchar,1163626,1197522944
dbo,Accounts,BirthDate,date,1163626,1197522944
dbo,Accounts,ChannelPartnerCode,tinyint,1163626,1197522944
dbo,Accounts,CharacterCreateLimit,tinyint,1163626,1197522944
dbo,Accounts,CharacterMaxCount,tinyint,1163626,1197522944
dbo,Accounts,CharacterSortCode,tinyint,1163626,1197522944
dbo,Accounts,ConnectNoticeFlag,bit,1163626,1197522944
dbo,Accounts,GameOption,binary,1163626,1197522944
dbo,Accounts,GamePadOption,binary,1163626,1197522944
dbo,Accounts,GenderCode,tinyint,1163626,1197522944
dbo,Accounts,JoinIP,int,1163626,1197522944
dbo,Accounts,KeySettingOption,binary,1163626,1197522944
dbo,Accounts,LastCharacterCreateDate,date,1163626,1197522944
dbo,Accounts,LastLoginDate,datetime2,1163626,1197522944
dbo,Accounts,LastLoginIP,int,1163626,1197522944
dbo,Accounts,LastLogoutDate,datetime2,1163626,1197522944
dbo,Accounts,LastSecondAuthNotifyDate,date,1163626,1197522944
dbo,Accounts,LastSessionID,int,1163626,1197522944
dbo,Accounts,LockFlag,bit,1163626,1197522944
dbo,Accounts,NationalityCode,tinyint,1163626,1197522944
dbo,Accounts,NewbieRewardDate,datetime2,1163626,1197522944
dbo,Accounts,NewbieRewardFlag,bit,1163626,1197522944
dbo,Accounts,Passphrase,binary,1163626,1197522944
dbo,Accounts,PublisherCode,tinyint,1163626,1197522944
dbo,Accounts,RegisterDate,datetime2,1163626,1197522944
dbo,Accounts,ReturnRewardFlag,bit,1163626,1197522944
dbo,Accounts,SecondAuthCode,tinyint,1163626,1197522944
dbo,Accounts,SecondAuthFailCount,tinyint,1163626,1197522944
dbo,Accounts,SecondAuthLockFlag,bit,1163626,1197522944
dbo,Accounts,SecondAuthPassphrase,binary,1163626,1197522944
dbo,Accounts,SecondAuthResetDate,smalldatetime,1163626,1197522944
dbo,Accounts,TotalDT,int,1163626,1197522944
dbo,PurchaseOrders,CharacterID,bigint,5731069,1129766912
dbo,PurchaseOrders,ContextKey,varchar,5731069,1129766912
dbo,PurchaseOrders,CouponKey,nvarchar,5731069,1129766912
dbo,PurchaseOrders,GiftExpireDate,smalldatetime,5731069,1129766912
dbo,PurchaseOrders,GiftFlag,bit,5731069,1129766912
dbo,PurchaseOrders,GiftMemo,nvarchar,5731069,1129766912
dbo,PurchaseOrders,GiftReceiveDate,datetime2,5731069,1129766912
dbo,PurchaseOrders,GiftReceiveFlag,bit,5731069,1129766912
dbo,PurchaseOrders,GiftRejectDate,datetime2,5731069,1129766912
dbo,PurchaseOrders,GiftRejectFlag,bit,5731069,1129766912
dbo,PurchaseOrders,GiftSenderName,nvarchar,5731069,1129766912
dbo,PurchaseOrders,IP,int,5731069,1129766912
dbo,PurchaseOrders,NewFlag,bit,5731069,1129766912
dbo,PurchaseOrders,OrderDate,datetime2,5731069,1129766912
dbo,PurchaseOrders,OrderKey,varchar,5731069,1129766912
dbo,PurchaseOrders,OrderResult,int,5731069,1129766912
dbo,PurchaseOrders,OrderRollbackResult,int,5731069,1129766912
dbo,PurchaseOrders,OrderStatusCode,tinyint,5731069,1129766912
dbo,PurchaseOrders,PaidCashAmount,int,5731069,1129766912
dbo,PurchaseOrders,PayMethodCode,tinyint,5731069,1129766912
dbo,PurchaseOrders,PCRoomFlag,bit,5731069,1129766912
dbo,PurchaseOrders,Price,int,5731069,1129766912
dbo,PurchaseOrders,PurchaseOrderID,bigint,5731069,1129766912
dbo,PurchaseOrders,ReceiverCharacterID,bigint,5731069,1129766912
dbo,SelectedItems,GiveFailFlag,bit,10325056,1010860032
dbo,SelectedItems,ItemID,int,10325056,1010860032
dbo,SelectedItems,ItemOption,tinyint,10325056,1010860032
dbo,SelectedItems,PurchaseOrderDetailID,bigint,10325056,1010860032
dbo,SelectedItems,SelectedItemID,bigint,10325056,1010860032
dbo,EventRewards,AccountRegisterDateCheck,bit,3616039,870113280
dbo,EventRewards,AccountRegisterDateCheckCode,tinyint,3616039,870113280
dbo,EventRewards,ChannelPartnerCode,tinyint,3616039,870113280
dbo,EventRewards,Comment,nvarchar,3616039,870113280
dbo,EventRewards,Content,nvarchar,3616039,870113280
dbo,EventRewards,DeleteFlag,bit,3616039,870113280
dbo,EventRewards,EventName,nvarchar,3616039,870113280
dbo,EventRewards,EventRewardID,int,3616039,870113280
dbo,EventRewards,EventRewardTypeCode,tinyint,3616039,870113280
dbo,EventRewards,ExpirationDate,smalldatetime,3616039,870113280
dbo,EventRewards,ReceiveTypeCode,tinyint,3616039,870113280
dbo,EventRewards,RegistrationDate,smalldatetime,3616039,870113280
dbo,EventRewards,ReserveSendDate,smalldatetime,3616039,870113280
dbo,EventRewards,RewardCoin,bigint,3616039,870113280
dbo,EventRewards,SenderName,nvarchar,3616039,870113280
dbo,EventRewards,SystemSendFlag,bit,3616039,870113280
dbo,EventRewards,TargetClassCode,tinyint,3616039,870113280
dbo,EventRewards,TargetMaxLevel,tinyint,3616039,870113280
dbo,EventRewards,TargetMinLevel,tinyint,3616039,870113280
dbo,EventRewards,TargetTypeCode,tinyint,3616039,870113280
dbo,EventRewards,TargetWorldID,tinyint,3616039,870113280
dbo,PurchaseOrderDetails,ListPrice,int,5826437,705339392
dbo,PurchaseOrderDetails,ProductID,int,5826437,705339392
dbo,PurchaseOrderDetails,PurchaseOrderDetailID,bigint,5826437,705339392
dbo,PurchaseOrderDetails,PurchaseOrderID,bigint,5826437,705339392
dbo,PurchaseOrderDetails,RefundableFlag,bit,5826437,705339392
dbo,PurchaseOrderDetails,RefundDate,datetime2,5826437,705339392
dbo,PurchaseOrderDetails,RefundFlag,bit,5826437,705339392
dbo,Characters,AccountID,int,4113603,581287936
dbo,Characters,CharacterID,bigint,4113603,581287936
dbo,Characters,CharacterName,nvarchar,4113603,581287936
dbo,Characters,CreateDate,datetime2,4113603,581287936
dbo,Characters,DeleteByAdminFlag,bit,4113603,581287936
dbo,Characters,DeleteFlag,bit,4113603,581287936
dbo,Characters,WorldID,int,4113603,581287936
dbo,EventRewardTargets,AccountID,int,3947911,478765056
dbo,EventRewardTargets,CharacterID,bigint,3947911,478765056
dbo,EventRewardTargets,DeleteFlag,bit,3947911,478765056
dbo,EventRewardTargets,EventRewardID,int,3947911,478765056
dbo,EventRewardTargets,EventRewardTargetID,int,3947911,478765056
dbo,EventRewardReceivers,AccountID,int,4611608,416202752
dbo,EventRewardReceivers,CharacterID,bigint,4611608,416202752
dbo,EventRewardReceivers,EventRewardID,int,4611608,416202752
dbo,EventRewardReceivers,ReceiveDate,smalldatetime,4611608,416202752
dbo,EventRewardItems,DragonJewelType,tinyint,6923433,347299840
dbo,EventRewardItems,EternityFlag,bit,6923433,347299840
dbo,EventRewardItems,EventRewardID,int,6923433,347299840
dbo,EventRewardItems,ItemCount,smallint,6923433,347299840
dbo,EventRewardItems,ItemDurability,smallint,6923433,347299840
dbo,EventRewardItems,ItemExpireDate,smalldatetime,6923433,347299840
dbo,EventRewardItems,ItemID,bigint,6923433,347299840
dbo,EventRewardItems,ItemLevel,tinyint,6923433,347299840
dbo,EventRewardItems,ItemLifespan,int,6923433,347299840
dbo,EventRewardItems,ItemOption,tinyint,6923433,347299840
dbo,EventRewardItems,ItemPotential,tinyint,6923433,347299840
dbo,EventRewardItems,ProductFlag,bit,6923433,347299840
dbo,EventRewardItems,RandomSeed,int,6923433,347299840
dbo,EventRewardItems,RewardItemSequenceNumber,int,6923433,347299840
dbo,EventRewardItems,SealCount,tinyint,6923433,347299840
dbo,EventRewardItems,SoulBoundFlag,bit,6923433,347299840
dbo,PetalOutgo,OutgoDate,datetime2,1946382,229163008
dbo,PetalOutgo,PetalAmount,int,1946382,229163008
dbo,PetalOutgo,PetalIncomeID,bigint,1946382,229163008
dbo,PetalOutgo,PetalOutgoCode,tinyint,1946382,229163008
dbo,PetalOutgo,PetalOutgoFKey,bigint,1946382,229163008
dbo,PetalOutgo,PetalOutgoID,int,1946382,229163008
dbo,PetalOutgo,PurchaseOrderID,bigint,1946382,229163008
dbo,PetalIncome,AccountID,int,910109,162717696
dbo,PetalIncome,AuditLogID,int,910109,162717696
dbo,PetalIncome,IncomeDate,datetime2,910109,162717696
dbo,PetalIncome,ItemSerial,bigint,910109,162717696
dbo,PetalIncome,PetalAmount,int,910109,162717696
dbo,PetalIncome,PetalIncomeCode,tinyint,910109,162717696
dbo,PetalIncome,PetalIncomeFKey,bigint,910109,162717696
dbo,PetalIncome,PetalIncomeID,bigint,910109,162717696
dbo,PetalIncome,PurchaseOrderDetailID,bigint,910109,162717696
dbo,PetalIncome,PurchaseOrderID,bigint,910109,162717696
dbo,CashOutgo,AccountID,int,2698618,147881984
dbo,CashOutgo,CashAmount,int,2698618,147881984
dbo,CashOutgo,CashOutgoCode,tinyint,2698618,147881984
dbo,CashOutgo,CashOutgoID,int,2698618,147881984
dbo,CashOutgo,OutgoDate,datetime2,2698618,147881984
dbo,CashOutgo,PurchaseOrderID,bigint,2698618,147881984
dbo,Restraints,AccountID,int,459515,100859904
dbo,Restraints,AdminID,int,459515,100859904
dbo,Restraints,CancelFlag,bit,459515,100859904
dbo,Restraints,CharacterID,bigint,459515,100859904
dbo,Restraints,EndDate,smalldatetime,459515,100859904
dbo,Restraints,Memo,nvarchar,459515,100859904
dbo,Restraints,RegisterDate,datetime2,459515,100859904
dbo,Restraints,RestraintID,int,459515,100859904
dbo,Restraints,RestraintMessage,nvarchar,459515,100859904
dbo,Restraints,RestraintReasonID,int,459515,100859904
dbo,Restraints,RestraintTargetCode,tinyint,459515,100859904
dbo,Restraints,RestraintTypeCode,tinyint,459515,100859904
dbo,Restraints,StartDate,smalldatetime,459515,100859904
dbo,_Merge_WorldID_Characters_20191206_bak,BackupDate,datetime,3014877,88555520
dbo,_Merge_WorldID_Characters_20191206_bak,CharacterID,bigint,3014877,88555520
dbo,_Merge_WorldID_Characters_20191206_bak,WorldID,int,3014877,88555520
dbo,DeletedCharacters,CharacterID,bigint,650162,76324864
dbo,DeletedCharacters,CharacterName,nvarchar,650162,76324864
dbo,DeletedCharacters,DeleteDate,datetime2,650162,76324864
dbo,DeletedCharacters,DeletePrivateIP,int,650162,76324864
dbo,DeletedCharacters,DeletePublicIP,int,650162,76324864
dbo,LeavePreventionLoginTerm,AccountID,int,1163628,58482688
dbo,LeavePreventionLoginTerm,LastLoginDate,datetime,1163628,58482688
dbo,LeavePreventionLoginTerm,Term1,smallint,1163628,58482688
dbo,LeavePreventionLoginTerm,Term10,smallint,1163628,58482688
dbo,LeavePreventionLoginTerm,Term2,smallint,1163628,58482688
dbo,LeavePreventionLoginTerm,Term3,smallint,1163628,58482688
dbo,LeavePreventionLoginTerm,Term4,smallint,1163628,58482688
dbo,LeavePreventionLoginTerm,Term5,smallint,1163628,58482688
dbo,LeavePreventionLoginTerm,Term6,smallint,1163628,58482688
dbo,LeavePreventionLoginTerm,Term7,smallint,1163628,58482688
dbo,LeavePreventionLoginTerm,Term8,smallint,1163628,58482688
dbo,LeavePreventionLoginTerm,Term9,smallint,1163628,58482688
dbo,CashIncome,AccountID,int,741854,57376768
dbo,CashIncome,CashAmount,int,741854,57376768
dbo,CashIncome,CashIncomeCode,tinyint,741854,57376768
dbo,CashIncome,CashIncomeID,int,741854,57376768
dbo,CashIncome,IncomeDate,datetime2,741854,57376768
dbo,CashIncome,PGCode,tinyint,741854,57376768
dbo,CashIncome,PGKey,nvarchar,741854,57376768
dbo,CharacterDeleteReviveLogs,CharacterID,bigint,721420,51478528
dbo,CharacterDeleteReviveLogs,DeleteFlag,bit,721420,51478528
dbo,CharacterDeleteReviveLogs,LogDate,datetime2,721420,51478528
dbo,CharacterDeleteReviveLogs,PrivateIP,int,721420,51478528
dbo,CharacterDeleteReviveLogs,PublicIP,int,721420,51478528
dbo,SecondAuthLogs,AccountID,int,476052,24018944
dbo,SecondAuthLogs,LogDate,datetime2,476052,24018944
dbo,SecondAuthLogs,SecondAuthCode,tinyint,476052,24018944
dbo,AccountPeriodicReset,AccountID,int,281350,12279808
dbo,AccountPeriodicReset,AccountPeriodicResetCode,tinyint,281350,12279808
dbo,AccountPeriodicReset,AccountPeriodicResetValue,bigint,281350,12279808
dbo,AccountPeriodicReset,LastModifyDate,smalldatetime,281350,12279808
dbo,AccountPeriodicReset,WorldID,int,281350,12279808
dbo,AccountConnectNoticeQueue,AccountID,int,385467,11689984
dbo,AccountConnectNoticeQueue,RegistedDate,datetime2,385467,11689984
dbo,HeroLevelLogs0,AccountID,int,172674,10100736
dbo,HeroLevelLogs0,HeroExp,bigint,172674,10100736
dbo,HeroLevelLogs0,HeroExpB4,bigint,172674,10100736
dbo,HeroLevelLogs0,HeroLevel,int,172674,10100736
dbo,HeroLevelLogs0,HeroLevelB4,int,172674,10100736
dbo,HeroLevelLogs0,LogDate,datetime2,172674,10100736
dbo,ErrorLogs,errorLine,int,32850,9666560
dbo,ErrorLogs,errorLogSN,bigint,32850,9666560
dbo,ErrorLogs,errorMessage,nvarchar,32850,9666560
dbo,ErrorLogs,errorNumber,int,32850,9666560
dbo,ErrorLogs,errorProcedure,nvarchar,32850,9666560
dbo,ErrorLogs,errorSeverity,int,32850,9666560
dbo,ErrorLogs,errorState,int,32850,9666560
dbo,ErrorLogs,hostName,nvarchar,32850,9666560
dbo,ErrorLogs,loginName,nvarchar,32850,9666560
dbo,ErrorLogs,occurredDate,datetime,32850,9666560
dbo,HeroLevelLogs1,AccountID,int,117400,6889472
dbo,HeroLevelLogs1,HeroExp,bigint,117400,6889472
dbo,HeroLevelLogs1,HeroExpB4,bigint,117400,6889472
dbo,HeroLevelLogs1,HeroLevel,int,117400,6889472
dbo,HeroLevelLogs1,HeroLevelB4,int,117400,6889472
dbo,HeroLevelLogs1,LogDate,datetime2,117400,6889472
dbo,VIPPointLogs,BasicPoint,int,144729,5775360
dbo,VIPPointLogs,CharacterID,bigint,144729,5775360
dbo,VIPPointLogs,PurchaseOrderID,bigint,144729,5775360
dbo,VIPPoints,AdjustedPoint,int,82896,4276224
dbo,VIPPoints,AutoPayFlag,bit,82896,4276224
dbo,VIPPoints,BasicPoint,int,82896,4276224
dbo,VIPPoints,CharacterID,bigint,82896,4276224
dbo,VIPPoints,DecreasedPoint,int,82896,4276224
dbo,VIPPoints,IncrementalPoint,int,82896,4276224
dbo,VIPPoints,LastCalculatedDate,date,82896,4276224
dbo,VIPPoints,VIPEndDate,smalldatetime,82896,4276224
dbo,VIPPoints,VIPStartDate,smalldatetime,82896,4276224
dbo,SeaFishingEntryAccounts,AccountID,int,43293,3514368
dbo,SeaFishingEntryAccounts,CharacterID,bigint,43293,3514368
dbo,SeaFishingEntryAccounts,EntryDate,datetime2,43293,3514368
dbo,SeaFishingEntryAccounts,SeaFishingID,int,43293,3514368
dbo,SeaFishingEntryAccounts,WorldID,int,43293,3514368
dbo,HeroLevels,AccountID,int,57326,3432448
dbo,HeroLevels,HeroExp,bigint,57326,3432448
dbo,HeroLevels,HeroExpUpdateDate,datetime,57326,3432448
dbo,HeroLevels,HeroLevel,int,57326,3432448
dbo,HeroLevels,WeeklyHeroExp,bigint,57326,3432448
dbo,HeroLevels,WeeklyHeroExpInitDate,datetime,57326,3432448
dbo,MobileAuthentication,AccessKey,varchar,9072,2916352
dbo,MobileAuthentication,AccountAuthenticationKey,int,9072,2916352
dbo,MobileAuthentication,AccountAuthenticationKeyIssueDate,datetime,9072,2916352
dbo,MobileAuthentication,AccountID,int,9072,2916352
dbo,MobileAuthentication,EncryptedPassPhase,binary,9072,2916352
dbo,MobileAuthentication,EncryptedSerial,binary,9072,2916352
dbo,AbleCronicleCharacters,AccountID,int,95690,2236416
dbo,AbleCronicleCharacters,CronicleCharacterCode,tinyint,95690,2236416
dbo,AbleCronicleCharacters,InsertDate,smalldatetime,95690,2236416
dbo,AbleCronicleCharacters,SeasonID,int,95690,2236416
dbo,CharacterNameChangeLogs,ChangeDate,datetime2,14807,2146304
dbo,CharacterNameChangeLogs,CharacterID,bigint,14807,2146304
dbo,CharacterNameChangeLogs,CharacterNameAfter,nvarchar,14807,2146304
dbo,CharacterNameChangeLogs,CharacterNameBefore,nvarchar,14807,2146304
dbo,CharacterNameChangeLogs,CharacterNameChangeCode,tinyint,14807,2146304
dbo,CharacterNameChangeLogs,CharacterNameChangeLogID,int,14807,2146304
dbo,TransferAccounts,AccountID,int,17955,1990656
dbo,TransferAccounts,NewAccountName,nvarchar,17955,1990656
dbo,TransferAccounts,OldAccountName,nvarchar,17955,1990656
dbo,TransferAccounts,TransferDate,datetime2,17955,1990656
dbo,CUCount,ChannelPartnerCode,tinyint,49438,1531904
dbo,CUCount,CUCount,int,49438,1531904
dbo,CUCount,SnapshotDate,datetime2,49438,1531904
dbo,CUCount,WorldID,int,49438,1531904
dbo,BlockedIPs,AdminID,int,12906,1286144
dbo,BlockedIPs,BlockedIPCode,tinyint,12906,1286144
dbo,BlockedIPs,Description,nvarchar,12906,1286144
dbo,BlockedIPs,EndDate,smalldatetime,12906,1286144
dbo,BlockedIPs,EndIP,int,12906,1286144
dbo,BlockedIPs,IPBlockMethodCode,tinyint,12906,1286144
dbo,BlockedIPs,RegisterDate,smalldatetime,12906,1286144
dbo,BlockedIPs,StartDate,smalldatetime,12906,1286144
dbo,BlockedIPs,StartIP,int,12906,1286144
dbo,AccountLogoutLogs1,AccountID,int,13889,1261568
dbo,AccountLogoutLogs1,LoginDate,datetime2,13889,1261568
dbo,AccountLogoutLogs1,LoginIP,int,13889,1261568
dbo,AccountLogoutLogs1,LogoutDate,datetime2,13889,1261568
dbo,AccountLogoutLogs1,MachineID,binary,13889,1261568
dbo,AccountLogoutLogs1,SessionID,int,13889,1261568
dbo,AccountLogoutLogs0,AccountID,int,13590,1130496
dbo,AccountLogoutLogs0,LoginDate,datetime2,13590,1130496
dbo,AccountLogoutLogs0,LoginIP,int,13590,1130496
dbo,AccountLogoutLogs0,LogoutDate,datetime2,13590,1130496
dbo,AccountLogoutLogs0,MachineID,binary,13590,1130496
dbo,AccountLogoutLogs0,SessionID,int,13590,1130496
dbo,AccountLoginLogs0,AccountID,int,21012,991232
dbo,AccountLoginLogs0,LoginDate,datetime2,21012,991232
dbo,AccountLoginLogs0,LoginIP,int,21012,991232
dbo,AccountLoginLogs0,MachineID,binary,21012,991232
dbo,AccountLoginLogs0,SessionID,int,21012,991232
dbo,DNAuth,AccessTime,datetime,4706,942080
dbo,DNAuth,AccountDBID,int,4706,942080
dbo,DNAuth,AccountLevel,tinyint,4706,942080
dbo,DNAuth,AccountName,nvarchar,4706,942080
dbo,DNAuth,Age,tinyint,4706,942080
dbo,DNAuth,CertifyingKey,bigint,4706,942080
dbo,DNAuth,CertifyingStep,tinyint,4706,942080
dbo,DNAuth,ChannelPartnerCode,tinyint,4706,942080
dbo,DNAuth,CharacterDBID,bigint,4706,942080
dbo,DNAuth,CharacterName,nvarchar,4706,942080
dbo,DNAuth,CurServerID,int,4706,942080
dbo,DNAuth,DailyCreateCount,tinyint,4706,942080
dbo,DNAuth,EyeToken,nvarchar,4706,942080
dbo,DNAuth,IsAdult,bit,4706,942080
dbo,DNAuth,LastServerType,tinyint,4706,942080
dbo,DNAuth,NationalityCode,tinyint,4706,942080
dbo,DNAuth,PrmInt1,int,4706,942080
dbo,DNAuth,SessionID,int,4706,942080
dbo,DNAuth,WorldID,tinyint,4706,942080
dbo,HeroLevelLogs2,AccountID,int,14660,925696
dbo,HeroLevelLogs2,HeroExp,bigint,14660,925696
dbo,HeroLevelLogs2,HeroExpB4,bigint,14660,925696
dbo,HeroLevelLogs2,HeroLevel,int,14660,925696
dbo,HeroLevelLogs2,HeroLevelB4,int,14660,925696
dbo,HeroLevelLogs2,LogDate,datetime2,14660,925696
dbo,AccountLoginLogs1,AccountID,int,17149,860160
dbo,AccountLoginLogs1,LoginDate,datetime2,17149,860160
dbo,AccountLoginLogs1,LoginIP,int,17149,860160
dbo,AccountLoginLogs1,MachineID,binary,17149,860160
dbo,AccountLoginLogs1,SessionID,int,17149,860160
dbo,EventSeasonForDarkCharacters,AcccountID,int,33860,794624
dbo,EventSeasonForDarkCharacters,ReceiveDate,smalldatetime,33860,794624
dbo,EventSeasonForDarkCharacters,SeasonID,int,33860,794624
dbo,TWNHK,AccountName,varchar,10062,729088
dbo,TWNHK,SourceCharacterID,numeric,10062,729088
dbo,TWNHK,TargetCharacterID,numeric,10062,729088
dbo,TWNHK,WorldID,bigint,10062,729088
dbo,2,CharacterID,varchar,30884,663552
dbo,1,CharacterID,varchar,25531,598016
dbo,DNMarbleEventRewardHistory,AccountID,int,15793,598016
dbo,DNMarbleEventRewardHistory,MarbleMissionNo,int,15793,598016
dbo,DNMarbleEventRewardHistory,RewardDate,datetime,15793,598016
dbo,AccountEffects,AccountID,int,14043,466944
dbo,AccountEffects,EffectID,int,14043,466944
dbo,AccountEffects,ExpireDate,datetime2,14043,466944
dbo,CouponInProducts,CouponID,int,483,352256
dbo,CouponInProducts,CouponInProductID,int,483,352256
dbo,CouponInProducts,ProductID,int,483,352256
dbo,LeavePreventionConnInfo,AccountID,int,7706,335872
dbo,LeavePreventionConnInfo,AveragePlayTime,smallint,7706,335872
dbo,LeavePreventionConnInfo,HomeLoginDateCount,tinyint,7706,335872
dbo,LeavePreventionConnInfo,LoginDateCount,tinyint,7706,335872
dbo,LeavePreventionConnInfo,PCRoomLoginDateCount,tinyint,7706,335872
dbo,LeavePreventionConnInfo,TotalSessionCount,smallint,7706,335872
dbo,AccountLogoutLogs2,AccountID,int,2259,278528
dbo,AccountLogoutLogs2,LoginDate,datetime2,2259,278528
dbo,AccountLogoutLogs2,LoginIP,int,2259,278528
dbo,AccountLogoutLogs2,LogoutDate,datetime2,2259,278528
dbo,AccountLogoutLogs2,MachineID,binary,2259,278528
dbo,AccountLogoutLogs2,SessionID,int,2259,278528
dbo,Tally,n,int,10000,270336
dbo,SecondAuthLogsChangeTracking,EndChangeDate,datetime,2362,270336
dbo,SecondAuthLogsChangeTracking,RegistrationDate,datetime,2362,270336
dbo,SecondAuthLogsChangeTracking,StartChangeDate,datetime,2362,270336
dbo,SecondAuthLogsChangeTracking,StatusCode,tinyint,2362,270336
dbo,SecondAuthLogsChangeTracking,StatusMessage,nvarchar,2362,270336
dbo,DNEventDetails,DeleteFlag,bit,2101,237568
dbo,DNEventDetails,DNEventDetailID,int,2101,237568
dbo,DNEventDetails,EventAtt1,int,2101,237568
dbo,DNEventDetails,EventAtt2,int,2101,237568
dbo,DNEventDetails,EventAtt3,int,2101,237568
dbo,DNEventDetails,EventAtt4,int,2101,237568
dbo,DNEventDetails,EventAtt5,int,2101,237568
dbo,DNEventDetails,EventName,nvarchar,2101,237568
dbo,DNEventDetails,EventType1,tinyint,2101,237568
dbo,DNEventDetails,EventType2,tinyint,2101,237568
dbo,DNEventDetails,EventType3,tinyint,2101,237568
dbo,DNEventDetails,MapIDs,nvarchar,2101,237568
dbo,ClientIPConnectCounts,AccountID,nvarchar,1663,212992
dbo,ClientIPConnectCounts,IP,int,1663,212992
dbo,DatabaseVersion,registerDate,datetime,554,204800
dbo,DatabaseVersion,version,int,554,204800
dbo,CanceledRestraints,AdminID,int,2849,204800
dbo,CanceledRestraints,CancelDate,datetime2,2849,204800
dbo,CanceledRestraints,Memo,nvarchar,2849,204800
dbo,CanceledRestraints,RestraintID,int,2849,204800
dbo,Characters_DWC_20140902,AccountID,int,1517,204800
dbo,Characters_DWC_20140902,CharacterID,bigint,1517,204800
dbo,Characters_DWC_20140902,CharacterName,nvarchar,1517,204800
dbo,Characters_DWC_20140902,CreateDate,datetime2,1517,204800
dbo,Characters_DWC_20140902,DeleteByAdminFlag,bit,1517,204800
dbo,Characters_DWC_20140902,DeleteFlag,bit,1517,204800
dbo,Characters_DWC_20140902,WorldID,int,1517,204800
dbo,ReleasedIPs,BlockedDate,smalldatetime,410,204800
dbo,ReleasedIPs,BlockedDescription,nvarchar,410,204800
dbo,ReleasedIPs,EndIP,int,410,204800
dbo,ReleasedIPs,ReleasedDate,smalldatetime,410,204800
dbo,ReleasedIPs,ReleasedIPID,int,410,204800
dbo,ReleasedIPs,StartIP,int,410,204800
dbo,GiftSendSchedule,DeleteFlag,bit,0,147456
dbo,GiftSendSchedule,GiftExpireDate,datetime,0,147456
dbo,GiftSendSchedule,GiftLifespan,int,0,147456
dbo,GiftSendSchedule,GiftMemo,nvarchar,0,147456
dbo,GiftSendSchedule,GiftSendDate,datetime,0,147456
dbo,GiftSendSchedule,GiftSenderName,nvarchar,0,147456
dbo,GiftSendSchedule,GiftSendScheduleID,int,0,147456
dbo,GiftSendSchedule,GiftTypeCode,tinyint,0,147456
dbo,GiftSendSchedule,IP,varchar,0,147456
dbo,GiftSendSchedule,ItemOptions,varchar,0,147456
dbo,GiftSendSchedule,NewFlag,bit,0,147456
dbo,GiftSendSchedule,PayMethodCode,tinyint,0,147456
dbo,GiftSendSchedule,ProductID,int,0,147456
dbo,GiftSendSchedule,SelectedItemIDs,varchar,0,147456
dbo,DNEventSchedules,DNEventID,int,41,147456
dbo,DNEventSchedules,EventEndDate,smalldatetime,41,147456
dbo,DNEventSchedules,EventStartDate,smalldatetime,41,147456
dbo,AccountLoginLogs2,AccountID,int,2274,139264
dbo,AccountLoginLogs2,LoginDate,datetime2,2274,139264
dbo,AccountLoginLogs2,LoginIP,int,2274,139264
dbo,AccountLoginLogs2,MachineID,binary,2274,139264
dbo,AccountLoginLogs2,SessionID,int,2274,139264
dbo,ReservedKeys,KeyNumber,int,1000,139264
dbo,ReservedKeys,KeyValue,varchar,1000,139264
dbo,ReservedKeys,UpdateDate,datetime2,1000,139264
dbo,Coupons,AuditID,int,483,106496
dbo,Coupons,CouponID,int,483,106496
dbo,Coupons,CouponTypeCode,tinyint,483,106496
dbo,Coupons,DeleteFlag,bit,483,106496
dbo,Coupons,ExpireDate,datetime2,483,106496
dbo,Coupons,RegisterDate,datetime2,483,106496
dbo,DNEvents,DisplayFlag,bit,41,73728
dbo,DNEvents,DNEventDetailID,int,41,73728
dbo,DNEvents,DNEventID,int,41,73728
dbo,DNEvents,EnableFlag,bit,41,73728
dbo,DNEvents,RegistrationDate,smalldatetime,41,73728
dbo,DNEvents,WorldID,tinyint,41,73728
dbo,EventShopActivation,ActivationFlag,bit,1,73728
dbo,EventShopPackageItems,ItemSN,int,3,73728
dbo,EventShopPackageItems,PackageSN,int,3,73728
dbo,EventShopPackages,DeleteFlag,bit,3,73728
dbo,EventShopPackages,LimitCountPerCharacter,int,3,73728
dbo,EventShopPackages,MinCharacterLevel,tinyint,3,73728
dbo,EventShopPackages,PackageName,nvarchar,3,73728
dbo,EventShopPackages,PackageSN,int,3,73728
dbo,EventShopPackages,PaymentRuleCode,tinyint,3,73728
dbo,EventShopPackages,PurchaseCountTypeCode,tinyint,3,73728
dbo,EventShopPackages,SalePrice,int,3,73728
dbo,EventRewards_258513,EventRewardID,int,407,73728
dbo,EventRewards_258513,ExpirationDate,smalldatetime,407,73728
dbo,AccountAuthenticationDelQueue,AccountID,int,206,73728
dbo,AccountAuthenticationDelQueue,CharacterList,varchar,206,73728
dbo,AccountAuthenticationDelQueue,MobileSerial,varchar,206,73728
dbo,AccountAuthenticationDelQueue,RegistedDate,datetime2,206,73728
dbo,_Merge_WorldID_CharacterSlotCounts_20191206_bak,AccountID,int,33,73728
dbo,_Merge_WorldID_CharacterSlotCounts_20191206_bak,BackupDate,datetime,33,73728
dbo,_Merge_WorldID_CharacterSlotCounts_20191206_bak,CharacterSlotCount,tinyint,33,73728
dbo,_Merge_WorldID_CharacterSlotCounts_20191206_bak,WorldID,int,33,73728
dbo,_Merge_WorldID_WorldConfig_20191206_bak,BackupDate,datetime,0,73728
dbo,_Merge_WorldID_WorldConfig_20191206_bak,WorldConfigCode,tinyint,0,73728
dbo,_Merge_WorldID_WorldConfig_20191206_bak,WorldConfigValue,int,0,73728
dbo,_Merge_WorldID_WorldConfig_20191206_bak,WorldID,int,0,73728
dbo,BanOfSale,ProductID,int,95,73728
dbo,CharacterSlotCounts,AccountID,int,51,73728
dbo,CharacterSlotCounts,CharacterSlotCount,tinyint,51,73728
dbo,CharacterSlotCounts,WorldID,int,51,73728
dbo,_CharacterSlotCounts_bak_279798,AccountID,int,2,73728
dbo,_CharacterSlotCounts_bak_279798,CharacterSlotCount,tinyint,2,73728
dbo,_CharacterSlotCounts_bak_279798,WorldID,int,2,73728
dbo,EventPopupConfig,EventNo,tinyint,5,73728
dbo,EventPopupConfig,EventPopupUseFlag,bit,5,73728
dbo,SimpleConfigValues,SimpleConfigCode,tinyint,3,73728
dbo,SimpleConfigValues,SimpleConfigValue,int,3,73728
dbo,TestAccounts,AccountID,int,38,73728
dbo,TestAccounts,AuditLogID,int,38,73728
dbo,TestAccounts,IP,int,38,73728
dbo,TestAccounts,RegisterDate,datetime2,38,73728
dbo,WebGachaControl,CheckSumFlag,bit,1,73728
dbo,WebGachaControl,EndDate,datetime2,1,73728
dbo,WebGachaControl,GachaEnableFlag,bit,1,73728
dbo,WebGachaControl,StartDate,datetime2,1,73728
dbo,MaintenanceFlag,MaintenanceFlag,bit,1,73728
dbo,GiftSendScheduleReceive,CharacterID,bigint,0,73728
dbo,GiftSendScheduleReceive,GiftSendScheduleID,int,0,73728
dbo,GiftSendScheduleReceive,ReceiveDate,datetime,0,73728
dbo,GiftSendScheduleTarget,CharacterID,bigint,0,73728
dbo,GiftSendScheduleTarget,DeleteFlag,bit,0,73728
dbo,GiftSendScheduleTarget,GiftSendScheduleID,int,0,73728
dbo,MobileAuthenticationLogs0,AccountAuthenticationKey,int,46,73728
dbo,MobileAuthenticationLogs0,AccountID,int,46,73728
dbo,MobileAuthenticationLogs0,AuthenticationLogCode,tinyint,46,73728
dbo,MobileAuthenticationLogs0,LogDate,datetime2,46,73728
dbo,MobileAuthenticationLogs1,AccountAuthenticationKey,int,27,73728
dbo,MobileAuthenticationLogs1,AccountID,int,27,73728
dbo,MobileAuthenticationLogs1,AuthenticationLogCode,tinyint,27,73728
dbo,MobileAuthenticationLogs1,LogDate,datetime2,27,73728
dbo,MobileAuthenticationLogs2,AccountAuthenticationKey,int,1,73728
dbo,MobileAuthenticationLogs2,AccountID,int,1,73728
dbo,MobileAuthenticationLogs2,AuthenticationLogCode,tinyint,1,73728
dbo,MobileAuthenticationLogs2,LogDate,datetime2,1,73728
dbo,MobileNotice,Content,nvarchar,0,0
dbo,MobileNotice,HTMLFlag,bit,0,0
dbo,MobileNotice,MobileNoticeID,int,0,0
dbo,MobileNotice,NoticeTypeCode,tinyint,0,0
dbo,MobileNotice,RegisterDate,datetime2,0,0
dbo,MobileNotice,Subject,nvarchar,0,0
dbo,PartitionMergeAccounts,AfterAccountID,int,0,0
dbo,PartitionMergeAccounts,BeforeAccountID,int,0,0
dbo,PCRoomIPs,IP,int,0,0
dbo,PCRoomIPs,PCRoomGrade,tinyint,0,0
dbo,ReservedCharacterNames,AccountName,nvarchar,0,0
dbo,ReservedCharacterNames,CharacterName,nvarchar,0,0
dbo,GMAccountAccessIPs,IP,int,0,0
dbo,GuildNames,GuildName,nvarchar,0,0
dbo,GuildNames,GuildNameID,int,0,0
dbo,GuildNames,WorldID,int,0,0
dbo,LimitedProducts,LastOrderDate,datetime2,0,0
dbo,LimitedProducts,ProductID,int,0,0
dbo,LimitedProducts,SaleCount,int,0,0
dbo,Introducers,AccountID,int,0,0
dbo,Introducers,IntroducedAccountID,int,0,0
dbo,Introducers,RegisterDate,datetime2,0,0
dbo,JumpingCharacters,CharacterID,bigint,0,0
dbo,EventScheduleDetailForPetal,AccountID,int,0,0
dbo,EventScheduleDetailForPetal,ConsecutionBonusPetalIncomeID,bigint,0,0
dbo,EventScheduleDetailForPetal,EventScheduleID,int,0,0
dbo,EventScheduleDetailForPetal,PetalIncomeID,bigint,0,0
dbo,EventScheduleDetailForPetal,RegisterDate,datetime2,0,0
dbo,EventScheduleForPetal,EndDate,smalldatetime,0,0
dbo,EventScheduleForPetal,EventConditionID,int,0,0
dbo,EventScheduleForPetal,EventScheduleID,int,0,0
dbo,EventScheduleForPetal,PetalAmount,int,0,0
dbo,EventScheduleForPetal,StartDate,smalldatetime,0,0
dbo,WorldConfig,WorldConfigCode,tinyint,0,0
dbo,WorldConfig,WorldConfigValue,int,0,0
dbo,WorldConfig,WorldID,int,0,0
dbo,WarpCharacters,CharacterID,bigint,0,0
dbo,TemporaryBlock,AdminID,int,0,0
dbo,TemporaryBlock,DeleteDate,smalldatetime,0,0
dbo,TemporaryBlock,DeleteFlag,bit,0,0
dbo,TemporaryBlock,EndDate,smalldatetime,0,0
dbo,TemporaryBlock,RegisterDate,smalldatetime,0,0
dbo,TemporaryBlock,StartDate,smalldatetime,0,0
dbo,TemporaryBlock,TemporaryBlockID,int,0,0
dbo,TemporaryOpenedIPs,IP,int,0,0
dbo,TemporaryOpenedIPs,TemporaryBlockID,int,0,0
dbo,TransferConfirmedAccounts,AccountID,int,0,0
dbo,TransferConfirmedAccounts,TransferCertificationAccount,nvarchar,0,0
dbo,TransferConfirmedAccounts,TransferCertificationPassword,varbinary,0,0
dbo,TransferConfirmedAccounts,TransferConfirmCode,tinyint,0,0
dbo,TransferConfirmedAccounts,TransferConfirmDate,datetime2,0,0
dbo,TableAuditLogs,beforeImages,nvarchar,0,0
dbo,TableAuditLogs,columnNames,nvarchar,0,0
dbo,TableAuditLogs,modifier,nvarchar,0,0
dbo,TableAuditLogs,occurredDate,datetime,0,0
dbo,TableAuditLogs,operationCode,tinyint,0,0
dbo,TableAuditLogs,tableAuditLogSN,bigint,0,0
dbo,TableAuditLogs,tableName,nvarchar,0,0
dbo,SecondPassphrases,AccountID,int,0,0
dbo,SecondPassphrases,SecondPassphrase,binary,0,0
dbo,ReturnJumpingCharacters,CharacterID,bigint,0,0
dbo,CharacterStarterItems,CharacterStarterItemID,int,0,0
dbo,CharacterStarterItems,GiftLifeSpan,int,0,0
dbo,CharacterStarterItems,GiftMemo,nvarchar,0,0
dbo,CharacterStarterItems,GiftSenderName,nvarchar,0,0
dbo,CharacterStarterItems,ItemIDs,varchar,0,0
dbo,CharacterStarterItems,ProductID,int,0,0
dbo,CharacterStarterItems,ProvideEndDate,smalldatetime,0,0
dbo,CharacterStarterItems,ProvideStartDate,smalldatetime,0,0
dbo,CharacterStarterItems,RegisterDate,smalldatetime,0,0
dbo,CharacterStarterItems,WorldID,int,0,0
dbo,BlockedIPExceptions,AdminID,int,0,0
dbo,BlockedIPExceptions,Description,nvarchar,0,0
dbo,BlockedIPExceptions,EndIP,int,0,0
dbo,BlockedIPExceptions,RegisterDate,smalldatetime,0,0
dbo,BlockedIPExceptions,StartIP,int,0,0
dbo,AccountLockLogs,AccountID,int,0,0
dbo,AccountLockLogs,LockFlag,bit,0,0
dbo,AccountLockLogs,LogDate,datetime2,0,0
dbo,ForbiddenCharacterNames,CharacterName,nvarchar,0,0
dbo,ForbiddenChatWords,ChatWord,nvarchar,0,0
dbo,GDPR,AccountID,int,0,0
dbo,GDPR,RegisterDate,datetime2,0,0
dbo,GeoIPs,CountryName,nvarchar,0,0
dbo,GeoIPs,EndIP,int,0,0
dbo,GeoIPs,StartIP,int,0,0
dbo,EventConditionForPetal,ConsecutionBonusCount,int,0,0
dbo,EventConditionForPetal,ConsecutionBonusPetalAmount,int,0,0
dbo,EventConditionForPetal,EventConditionID,int,0,0
dbo,EventConditionForPetal,FirstPetalAmount,int,0,0
dbo,EventConditionForPetal,PetalIncomeCountLimit,int,0,0
dbo,EventConditionForPetal,RegisterDate,datetime2,0,0
dbo,EventPetalForCBTUsers,AccountName,nvarchar,0,0
dbo,EventPetalForCBTUsers,CompleteFlag,bit,0,0
dbo,EventPetalForCBTUsers,PetalAmount,int,0,0
dbo,EventPetalForCBTUsers,PetalIncomeID,bigint,0,0
dbo,CodeKinds,codeColumnName,nvarchar,0,0
dbo,CodeKinds,createdDate,datetime,0,0
dbo,CodeKinds,creator,nvarchar,0,0
dbo,CodeKinds,description,nvarchar,0,0
dbo,Codes,codeColumnName,nvarchar,0,0
dbo,Codes,codeSN,int,0,0
dbo,Codes,createdDate,datetime,0,0
dbo,Codes,creator,nvarchar,0,0
dbo,Codes,description,nvarchar,0,0
dbo,Employees,AccountID,int,0,0
dbo,Employees,EmployeeName,nvarchar,0,0
dbo,Employees,EmployeeNumber,int,0,0
dbo,Employees,EmployeeTypeCode,tinyint,0,0
dbo,Employees,RegisterDate,smalldatetime,0,0
dbo,Employees,ResignDate,date,0,0
dbo,Employees,ResignFlag,bit,0,0
